Cities,Country
bluff,rikitea
bluff,kapaa
bluff,taolanaro
bluff,hermanus
bluff,khatanga
bluff,souillac
bluff,auki
bluff,east london
bluff,broome
bluff,banda aceh
bluff,tilichiki
bluff,oyama
bluff,ushuaia
bluff,upernavik
bluff,bluff
bluff,riyadh
bluff,teya
bluff,grindavik
bluff,manicore
bluff,new norfolk
bluff,rocha
bluff,arraial do cabo
bluff,shenzhen
bluff,hobart
bluff,qaanaaq
bluff,busselton
bluff,torbay
bluff,bethel
bluff,punta arenas
bluff,karaton
bluff,albany
bluff,palmer
bluff,fairbanks
bluff,narsaq
bluff,mahebourg
bluff,marakkanam
bluff,mataura
bluff,lebu
bluff,dikson
bluff,saskylakh
bluff,bredasdorp
bluff,barrow
bluff,durusu
bluff,severo-kurilsk
bluff,san jose
bluff,tuktoyaktuk
bluff,kassala
bluff,nome
bluff,sao filipe
bluff,kodiak
bluff,tasiilaq
bluff,tautira
bluff,leningradskiy
bluff,codrington
bluff,chibombo
bluff,vaini
bluff,westport
bluff,bambous virieux
bluff,port alfred
bluff,kavieng
bluff,puerto ayora
bluff,hvolsvollur
bluff,laguna
bluff,touros
bluff,sukhobezvodnoye
bluff,hithadhoo
bluff,carnarvon
bluff,koppal
bluff,mount gambier
bluff,ranong
bluff,cabinda
bluff,attawapiskat
bluff,nikolskoye
bluff,wajima
bluff,ust-nera
bluff,yellowknife
bluff,amderma
bluff,esperance
bluff,samagaltay
bluff,burkburnett
bluff,lagoa
bluff,aleksandrov gay
bluff,yaounde
bluff,jamestown
bluff,jackson
bluff,zyryanka
bluff,vila franca do campo
bluff,comacchio
bluff,lasa
bluff,nyurba
bluff,hilo
bluff,cape town
bluff,castro
bluff,salinopolis
bluff,le port
bluff,port hedland
bluff,port elizabeth
bluff,isangel
bluff,illoqqortoormiut
bluff,depok
bluff,nantucket
bluff,ulladulla
bluff,ahipara
bluff,cidreira
bluff,barentsburg
bluff,sault sainte marie
bluff,okhotsk
bluff,manta
bluff,cabo san lucas
bluff,victoria
bluff,jibuti
bluff,butaritari
bluff,khorion
bluff,nanzhou
bluff,san patricio
bluff,marawi
bluff,dinar
bluff,ilulissat
bluff,rungata
bluff,barbar
bluff,olafsvik
bluff,kudahuvadhoo
bluff,shebunino
bluff,bafq
bluff,zhigansk
bluff,hualmay
bluff,parrita
bluff,chaozhou
bluff,kaitangata
bluff,ngama
bluff,oktyabrskiy
bluff,luderitz
bluff,tuatapere
bluff,vardo
bluff,la venta del astillero
bluff,tabas
bluff,utiroa
bluff,montes altos
bluff,tevaitoa
bluff,avera
bluff,constitucion
bluff,mayumba
bluff,araguaina
bluff,pampa
bluff,sorland
bluff,atuona
bluff,balikpapan
bluff,harrisonville
bluff,greenville
bluff,moranbah
bluff,lazaro cardenas
bluff,kuito
bluff,baghdad
bluff,port lincoln
bluff,xiaoshi
bluff,ugoofaaru
bluff,sao francisco
bluff,saldanha
bluff,ocumare del tuy
bluff,hachinohe
bluff,sinnamary
bluff,pochutla
bluff,saint-philippe
bluff,dipkarpaz
bluff,san juan del sur
bluff,chuy
bluff,pevek
bluff,prainha
bluff,alta floresta
bluff,jupiter
bluff,beringovskiy
bluff,doha
bluff,fort saint john
bluff,dzhebariki-khaya
bluff,marcona
bluff,poum
bluff,chunoyar
bluff,yarim
bluff,provideniya
bluff,norman wells
bluff,roald
bluff,alakurtti
bluff,qaqortoq
bluff,jaciara
bluff,contamana
bluff,turukhansk
bluff,surt
bluff,cayenne
bluff,vestmanna
bluff,chokurdakh
bluff,korhogo
bluff,pangoa
bluff,yacuiba
bluff,haimen
bluff,buraydah
bluff,panaba
bluff,port hawkesbury
bluff,poli
bluff,komsomolskiy
bluff,tiksi
bluff,samusu
bluff,sambava
bluff,asau
bluff,santa ana
bluff,tual
bluff,cabra
bluff,linjiang
bluff,sturgis
bluff,longyearbyen
bluff,nerchinskiy zavod
bluff,harper
bluff,bengkulu
bluff,yerbogachen
bluff,kamaishi
bluff,wageningen
bluff,noshiro
bluff,saint-leu
bluff,lafia
bluff,jujuy
bluff,alice springs
bluff,umm lajj
bluff,tabou
bluff,kloulklubed
bluff,hamilton
bluff,puerto ayacucho
bluff,la ronge
bluff,salalah
bluff,shar
bluff,ribeira grande
bluff,alofi
bluff,tumannyy
bluff,karasjok
bluff,lalmohan
bluff,englewood
bluff,novosokolniki
bluff,kozhva
bluff,zaysan
bluff,fortuna
bluff,vohibinany
bluff,avarua
bluff,belushya guba
bluff,imeni poliny osipenko
bluff,mar del plata
bluff,silver city
bluff,saint-pierre
bluff,hasaki
bluff,warwick
bluff,dingle
bluff,matara
bluff,terrace
bluff,sitka
bluff,pacific grove
bluff,benjamin aceval
bluff,pisco
bluff,udachnyy
bluff,sola
bluff,havelock
bluff,saint anthony
bluff,timaru
bluff,moskovskiy
bluff,ban nahin
bluff,zychlin
bluff,lubao
bluff,alamos
bluff,sovetskiy
bluff,yar-sale
bluff,maldonado
bluff,san cristobal
bluff,skalistyy
bluff,gat
bluff,perelyub
bluff,tasbuget
bluff,portland
bluff,port blair
bluff,egvekinot
bluff,ayr
bluff,mantes-la-ville
bluff,pierre
bluff,sao felix do xingu
bluff,khromtau
bluff,bathsheba
bluff,orumiyeh
bluff,sohag
bluff,sesheke
bluff,shellbrook
bluff,makarov
bluff,marquard
bluff,talnakh
bluff,collie
bluff,cap malheureux
bluff,amapa
bluff,guano
bluff,ostrovnoy
bluff,henties bay
bluff,umzimvubu
bluff,namibe
bluff,caravelas
bluff,coro
bluff,pangnirtung
bluff,mys shmidta
bluff,ponta do sol
bluff,lima duarte
bluff,juneau
bluff,grand river south east
bluff,minab
bluff,bara
bluff,voznesenye
bluff,nizhneyansk
bluff,lagdo
bluff,port-cartier
bluff,shcholkine
bluff,mbuyapey
bluff,adrar
bluff,ubala
bluff,gladstone
bluff,ketchikan
bluff,saint-augustin
bluff,dudinka
bluff,fairview
bluff,filingue
bluff,amahai
bluff,ciudad bolivar
bluff,limbang
bluff,chapais
bluff,nabire
bluff,atasu
bluff,bolungarvik
bluff,viedma
bluff,lithakia
bluff,cherskiy
bluff,hay river
bluff,port moresby
bluff,kyshtovka
bluff,ozgon
bluff,tiznit
bluff,port augusta
bluff,calama
bluff,logan lake
bluff,evensk
bluff,axim
bluff,powell river
bluff,saint george
bluff,salamiyah
bluff,faanui
bluff,mareeba
bluff,aba
bluff,mildura
bluff,santa eulalia del rio
bluff,bilma
bluff,airai
bluff,aitape
bluff,segovia
bluff,krk
bluff,geraldton
bluff,channel-port aux basques
bluff,kita
bluff,palaikastron
bluff,klaksvik
bluff,soe
bluff,vostok
bluff,georgetown
bluff,san juan
bluff,san quintin
bluff,dan khun thot
bluff,namtsy
bluff,toamasina
bluff,hammerfest
bluff,viligili
bluff,deputatskiy
bluff,padang
bluff,hami
bluff,goderich
bluff,galle
bluff,dianopolis
bluff,san rafael del sur
bluff,lykhivka
bluff,isiolo
bluff,swift current
bluff,tam ky
bluff,coihaique
bluff,mangrol
bluff,litovko
bluff,maturin
bluff,ribeira brava
bluff,bardiyah
bluff,ixtapa
bluff,aloleng
bluff,oistins
bluff,itarema
bluff,clyde river
bluff,meulaboh
bluff,pitimbu
bluff,senanga
bluff,richards bay
bluff,nanakuli
bluff,thompson
bluff,sentyabrskiy
bluff,langsa
bluff,kardla
bluff,sumbe
bluff,tororo
bluff,agirish
bluff,arecibo
bluff,oranjemund
bluff,antofagasta
bluff,beidao
bluff,moundsville
bluff,mnogovershinnyy
bluff,bereznik
bluff,iqaluit
bluff,puerto carreno
bluff,murray bridge
bluff,itoman
bluff,ishigaki
bluff,pokhara
bluff,rafina
bluff,hibbing
bluff,la rioja
bluff,biak
bluff,zhetybay
bluff,tres picos
bluff,khartoum
bluff,kahului
bluff,rocky mountain house
bluff,valdivia
bluff,akhalgori
bluff,seymchan
bluff,ancud
bluff,kysyl-syr
bluff,cody
bluff,coquimbo
bluff,bubaque
bluff,cabedelo
bluff,lolua
bluff,tsihombe
bluff,hambantota
bluff,altagracia de orituco
bluff,tromso
bluff,vila velha
bluff,tailai
bluff,phonhong
bluff,kavaratti
bluff,plettenberg bay
bluff,umm durman
bluff,santa helena de goias
bluff,suntar
bluff,nanortalik
bluff,kasane
bluff,lompoc
bluff,zhanaozen
bluff,nago
bluff,lavrentiya
bluff,zhoucheng
bluff,altay
bluff,karamea
bluff,roura
bluff,vanimo
bluff,gamba
bluff,rio grande
bluff,attingal
bluff,fremont
bluff,arcata
bluff,cleveland
bluff,makakilo city
bluff,ayoquezco
bluff,aklavik
bluff,kindu
bluff,linkou
bluff,jhawarian
bluff,dunedin
bluff,salta
bluff,sorong
bluff,waverley
bluff,bonavista
bluff,pindiga
bluff,rawson
bluff,sikasso
bluff,lorengau
bluff,juba
bluff,quelimane
bluff,banjar
bluff,scottsbluff
bluff,severo-yeniseyskiy
bluff,znamenskoye
bluff,fort nelson
bluff,basco
bluff,ziro
bluff,concarneau
bluff,pandan
bluff,saleaula
bluff,opoczno
bluff,strelka
bluff,samalaeulu
bluff,konya
bluff,sabha
bluff,dandong
bluff,portobelo
bluff,sjenica
bluff,mackay
bluff,aflu
bluff,sept-iles
bluff,kilvelur
bluff,constantine
bluff,manali
bluff,ballina
bluff,cao bang
bluff,brae
bluff,plastun
bluff,urubamba
bluff,uvalde
bluff,port pirie
bluff,singkang
bluff,hohhot
bluff,vao
bluff,vaitupu
bluff,morgan city
bluff,mundo nuevo
bluff,marzuq
bluff,lethem
bluff,jalu
bluff,port hardy
bluff,floro
bluff,gondar
bluff,scarborough
bluff,victor harbor
bluff,jardim
bluff,wadhwan
bluff,golspie
bluff,sibolga
bluff,muisne
bluff,faya
bluff,goma
bluff,canutama
bluff,miri
bluff,tambopata
bluff,petropavlovsk-kamchatskiy
bluff,husavik
bluff,gawler
bluff,mananjary
bluff,guerrero negro
bluff,batemans bay
bluff,changping
bluff,halalo
bluff,champerico
bluff,belaya gora
bluff,zlynka
bluff,lima
bluff,pahrump
bluff,taman
bluff,felidhoo
bluff,kars
bluff,amatenango del valle
bluff,haines junction
bluff,betul
bluff,palabuhanratu
bluff,shaowu
bluff,wahran
bluff,berlevag
bluff,kadykchan
bluff,redlands
bluff,serra talhada
bluff,pimenta bueno
bluff,bairiki
bluff,goundi
bluff,chattanooga
bluff,cermik
bluff,ngukurr
bluff,seoul
bluff,odweyne
bluff,lipin bor
bluff,oriximina
bluff,smoky lake
bluff,rapid valley
bluff,dryden
bluff,saryshagan
bluff,betioky
bluff,dekar
bluff,marsh harbour
bluff,kamyshevatskaya
bluff,coahuayana
bluff,uruzgan
bluff,abilene
bluff,verkhoyansk
bluff,tabuk
bluff,volga
bluff,boa vista
bluff,bage
bluff,mandal
bluff,kankan
bluff,aksarka
bluff,moron
bluff,santarem
bluff,otjimbingwe
bluff,magelang
bluff,podor
bluff,lata
bluff,lewistown
bluff,yarada
bluff,severnyy-kospashskiy
bluff,enugu
bluff,rovaniemi
bluff,ibra
bluff,isla mujeres
bluff,wa
bluff,paidha
